<?xml version="1.0"?>
<doc>
    <assembly>
        <name>MCP.Server</name>
    </assembly>
    <members>
        <member name="T:MCP.Server.LambdaEntrypoint">
            <summary>
            AWS Lambda handler for the MCP Server
            Simplified version that wraps the existing McpTools
            </summary>
        </member>
        <member name="T:McpTools">
            <summary>
            MCP Tools with input validation following MCP standards
            </summary>
        </member>
        <member name="M:McpTools.Echo(System.String)">
            <summary>
            Echoes back the input message
            </summary>
        </member>
        <member name="M:McpTools.Reverse(System.String)">
            <summary>
            Reverses the input text
            </summary>
        </member>
        <member name="M:McpTools.Add(System.Int32,System.Int32)">
            <summary>
            Adds two numbers together
            </summary>
        </member>
        <member name="M:McpTools.GetDateTime(System.Nullable{System.Int32})">
            <summary>
            Gets the current server date and time
            </summary>
        </member>
        <member name="M:McpTools.AnalyzeText(System.String)">
            <summary>
            Calculates basic string statistics
            </summary>
        </member>
        <member name="M:McpTools.GetMeetingTime(System.String,System.String,System.String,System.String)">
            <summary>
            Gets meeting time for 2 countries considering their timezones
            </summary>
        </member>
        <member name="M:McpTools.ParseHolidays(System.String)">
            <summary>
            Parse holiday dates from environment variable string
            Supports two formats:
            1. Simple dates: YYYY-MM-DD,YYYY-MM-DD,YYYY-MM-DD
            2. Complex JSON: [{"start":"2022-12-25T05:00+13:00","end":"2022-12-28T18:00+13:00"}]
            </summary>
        </member>
        <member name="M:McpTools.FindNextBusinessDay(System.DateTime,System.Collections.Generic.HashSet{System.DateTime})">
            <summary>
            Find the next business day (Monday-Friday) that is not a holiday
            </summary>
        </member>
    </members>
</doc>
